Title,Description,Source,URL,Published At
Weekly Climate and Energy News Roundup #622,“It can scarcely be denied that the supreme goal of all theory is to make the irreducible basic elements as simple and as few as possible without having to surrender the adequate representation of a single datum of experience.” – Albert Einstein (1933),Wattsupwiththat.com,https://wattsupwiththat.com/2024/12/09/weekly-climate-and-energy-news-roundup-622-2/,2024-12-09T10:00:00Z
Hit by blackouts Cuba’s tourism industry now braces for Trump,"Cuba's hotels, already hit by power cuts, worry that Trump may increase the US's economic blockade.",BBC News,https://www.bbc.com/news/articles/cly7ndxjzv2o,2024-12-09T00:05:12Z
China’s digital strategy: Cyber espionage!,"China's infiltration into agricultural IoT (Internet of Things) networks represents a critical yet underexplored dimension of its global technological strategy. Through key players such as Huawei and Alibaba Cloud, Beijing has embedded IoT technologies into a…",Wnd.com,https://www.wnd.com/2024/12/chinas-digital-strategy-cyber-espionage/,2024-12-08T23:50:02Z
The Real Reason Everything’s Getting More Expensive,Inflation was a defining issue in the presidential election. Here's how climate change is making everything more expensive.,Gizmodo.com,https://gizmodo.com/the-real-reason-everythings-getting-more-expensive-2000535012,2024-12-08T17:00:42Z
This Deadly 1815 Volcanic Eruption Changed Life As We Know It,"Volcanoes are among the most awe-inspiring forces of nature, capable of reshaping geological, ecological and geopolitical landscapes. Here's how one volcano decided the fate of historic battles and erased a whole summer.",Forbes,https://www.forbes.com/sites/scotttravers/2024/12/08/this-deadly-1815-volcanic-eruption-changed-life-as-we-know-it/,2024-12-08T14:42:24Z
WEF Survey Shows That Business Leaders Are Deeply Concerned That A Global Recession Is Coming,Are you ready for economic conditions to get even worse in 2025?  It would be difficult to find any economist that is willing to argue that global economic conditions are better in late 2024 than they were in late 2023.  The Chinese economy is deeply struggli…,Shtfplan.com,https://www.shtfplan.com/headline-news/wef-survey-shows-that-business-leaders-are-deeply-concerned-that-a-global-recession-is-coming,2024-12-07T18:00:46Z
Greenhouse Market to Witness 9.9% CAGR by 2031 | SkyQuest Technology,Rapidly increasing global population and emphasis on providing food for their nutrition needs are expected to create new business scope for greenhouse providers. Rapidly increasing global population and emphasis on providing food for their nutrition needs are…,GlobeNewswire,https://www.globenewswire.com/news-release/2024/12/06/2992964/0/en/Greenhouse-Market-to-Witness-9-9-CAGR-by-2031-SkyQuest-Technology.html,2024-12-06T11:57:00Z
"Don’t Touch Fla. Reforms, Panelists Implore, but Maybe Tax Breaks for Elevated Homes","Regulators, insurance companies and attorneys at the Florida Chamber of Commerce Annual Insurance Summit this week sent a clear message to lawmakers about tinkering with Florida’s property insurance law, two years after major legislative reforms were adopted:…",Insurance Journal,https://www.insurancejournal.com/news/southeast/2024/12/06/803828.htm,2024-12-06T06:01:07Z
Why housing shortages cause homelessness,"Article URL: https://worksinprogress.co/issue/why-housing-shortages-cause-homelessness/
Comments URL: https://news.ycombinator.com/item?id=42335287
Points: 4
# Comments: 0",Worksinprogress.co,https://worksinprogress.co/issue/why-housing-shortages-cause-homelessness/,2024-12-06T01:55:02Z
Climate change threatens global food supply: Scientists call for urgent action,"As climate change accelerates, scientists are sounding the alarm about its potentially devastating impact on the world's food supply. Researchers warn that without rapid changes to how we develop climate-resilient crops, we could face widespread food shortage…",Science Daily,https://www.sciencedaily.com/releases/2024/12/241205184320.htm,2024-12-05T23:43:20Z
WEF Survey Shows That Business Leaders Are Deeply Concerned That A Global Recession Is Coming,"By Michael Snyder Are you ready for economic conditions to get even worse in 2025?  It would be difficult to find any economist that is...
WEF Survey Shows That Business Leaders Are Deeply Concerned That A Global Recession Is Coming",Activistpost.com,https://activistpost.com/2024/12/wef-survey-shows-that-business-leaders-are-deeply-concerned-that-a-global-recession-is-coming.html,2024-12-05T22:12:33Z
WEF Survey Shows That Business Leaders Are Deeply Concerned That A Global Recession Is Coming,Are you ready for economic conditions to get even worse in 2025?  It would be difficult to find any economist that is willing to argue that global economic conditions are better in late 2024 than they were in late 2023.  The Chinese economy is deeply struggli…,Theeconomiccollapseblog.com,http://theeconomiccollapseblog.com/wef-survey-shows-that-business-leaders-are-deeply-concerned-that-a-global-recession-is-coming/,2024-12-05T21:33:19Z
Daily Press Briefing by the Office of the Spokesperson for the Secretary-General,"The UN Population Fund (UNFPA) today launched a $1.4 billion humanitarian appeal to address the unique needs of women and girls trapped in, or uprooted by, the wave of emergencies occurring around the world.",UN News,https://press.un.org/en/2024/db241205.doc.htm,2024-12-05T20:51:59Z
Israel attacks north Gaza hospital for fifth time,"Physician, chef caring for patients at Kamal Adwan hospital both killed in Israeli strikes.",Electronicintifada.net,https://electronicintifada.net/blogs/nora-barrows-friedman/israel-attacks-north-gaza-hospital-fifth-time,2024-12-05T15:43:44Z
Hovnanian Enterprises Reports Fiscal 2024 Fourth Quarter and Full Year Results,Full Year Income Before Income Taxes Increased 24% Year-Over-Year44% Year-Over-Year Quarterly Growth in Consolidated ContractsTotal Consolidated Lots Controlled Increased 32% Year-Over-Year47% Year-Over-Year Growth in Annual Land and Land Development Spend,GlobeNewswire,https://www.globenewswire.com/news-release/2024/12/05/2992417/12793/en/Hovnanian-Enterprises-Reports-Fiscal-2024-Fourth-Quarter-and-Full-Year-Results.html,2024-12-05T14:15:00Z
UNICEF Supply Delivery Protects Children’s Health In Gaza Strip,"Ongoing attacks have crippled Gaza's water and sanitation systems, depriving children of safe water and endangering their health.",Forbes,https://www.forbes.com/sites/unicefusa/2024/12/05/unicef-supply-delivery-protects-childrens-health-in-gaza-strip/,2024-12-05T13:15:00Z
The Critical Role Of The Humanitarian Supply Chain,"Hundreds of millions of people depend on humanitarian aid. Given the current geopolitical, economic and ecological crises, it is more important than ever.",Forbes,https://www.forbes.com/sites/sap/2024/12/05/the-critical-role-of-the-humanitarian-supply-chain/,2024-12-05T12:54:27Z
"Good Times Restaurants to Release Financial Results on December 12, 2024 for the Fourth Quarter and Fiscal Year Ended September 24, 2024","Good Times Restaurants to Release Financial Results on December 12, 2024 for the Fourth Quarter and Fiscal Year Ended September 24, 2024",Investing.com,https://www.investing.com/news/press-releases/good-times-restaurants-to-release-financial-results-on-december-12-2024-for-the-fourth-quarter-and-fiscal-year-ended-september-24-2024-93CH-3756520,2024-12-05T12:32:06Z
"Kolibri Global Energy Inc. Announces Alicia Renee Well Pad Still Producing Over 2,800 BOEPD","THOUSAND OAKS, Calif. — Kolibri Global Energy Inc. (the “Company” or “Kolibri”) (TSX: KEI, NASDAQ: KGEI) is pleased to provide a further update on its latest wells in its Tishomingo field in Oklahoma. Thirty-day Flow Rates The initial thirty-day average produ…",Financial Post,https://financialpost.com/pmn/business-wire-news-releases-pmn/kolibri-global-energy-inc-announces-alicia-renee-well-pad-still-producing-over-2800-boepd,2024-12-05T11:53:06Z
Johnson Outdoors Announces Cash Dividend,"RACINE, Wis., Dec. 05, 2024 (GLOBE NEWSWIRE) -- Johnson Outdoors Inc. (Nasdaq: JOUT), a leading global innovator of outdoor recreation equipment and technology, today announced approval by its Board of Directors of a quarterly cash dividend of $0.33 per Class…",GlobeNewswire,https://www.globenewswire.com/news-release/2024/12/05/2992156/10340/en/Johnson-Outdoors-Announces-Cash-Dividend.html,2024-12-05T11:00:00Z
Duluth Holdings Inc. Announces Third Quarter 2024 Financial Results,"Benefiting from our product and sourcing initiatives, gross margin expands 210 basis points to 52.3%  Strong financial position with approximately $165......",GlobeNewswire,https://www.globenewswire.com/news-release/2024/12/05/2992146/37060/en/Duluth-Holdings-Inc-Announces-Third-Quarter-2024-Financial-Results.html,2024-12-05T10:45:00Z
G20 Leaders Fear Economic Over Cyber Risks,World Economic Forum data shows G20 executives are more concerned about economic risks that cyber-threats,Infosecurity Magazine,https://www.infosecurity-magazine.com/news/g20-leaders-fear-economic-cyber/,2024-12-05T10:30:00Z
Ukraine's front-line fighters and dronemakers are trying to crowdfund their way to Russia's defeat through cheap strikes,"Donors and fundraisers say that with a fraction of the billions in official aid given to Ukraine, they can exhaust Russia's resources at low cost.",Business Insider,https://www.businessinsider.com/ukraine-dronemakers-war-unwinnable-dirt-cheap-crowdfunding-veterans-civilians-russia-2024-12,2024-12-05T09:47:02Z
Don’t blame Biden for inflation. Blame the climate.,Inflation was a defining issue in the presidential election. Here's how climate change is making everything more expensive.,Grist,http://grist.org/economics/dont-blame-biden-for-inflation-blame-the-climate/,2024-12-05T09:30:00Z
"Business leaders fear recession, labour shortages, World Economic Forum says","Business leaders globally are worried about the risk of recession, labour shortages and rising inflation, despite some signs of improvement in economic conditions, a World Economic Forum survey said on Thursday.
Extreme weather events are an increasing concer…",Biztoc.com,https://biztoc.com/x/f1be43b32a0cf1b4,2024-12-05T08:28:28Z
"Business leaders fear recession, labour shortages, World Economic Forum says","Business leaders fear recession, labour shortages, World Economic Forum says",Investing.com,https://www.investing.com/news/stock-market-news/business-leaders-fear-recession-labour-shortages-world-economic-forum-says-3755806,2024-12-05T07:20:47Z
"Business leaders fear recession, labour shortages, World Economic Forum says","Business leaders globally are worried about the risk of recession, labour shortages and rising inflation, despite some signs of improvement in economic...",Yahoo Entertainment,https://finance.yahoo.com/news/business-leaders-fear-recession-labour-071747768.html,2024-12-05T07:17:47Z
"Star Group, L.P. Reports Fiscal 2024 Fourth Quarter Results","STAMFORD, Conn., Dec. 04, 2024 (GLOBE NEWSWIRE) -- Star Group, L.P. (the ""Company"" or ""Star"") (NYSE:SGU), a home energy distributor and services provider, today announced financial results for its fiscal 2024 fourth quarter and year ended September 30, 2024.",GlobeNewswire,https://www.globenewswire.com/news-release/2024/12/04/2991946/0/en/Star-Group-L-P-Reports-Fiscal-2024-Fourth-Quarter-Results.html,2024-12-04T21:30:00Z
Fed Beige Book Shows Businesses Confident in Demand Prospects,"Economic activity increased slightly in November after little change in preceding months, and US businesses grew more upbeat about demand prospects, the Federal Reserve said in its latest Beige Book survey.",Financial Post,https://financialpost.com/pmn/business-pmn/fed-beige-book-shows-businesses-confident-in-demand-prospects,2024-12-04T20:01:49Z
"Growing Demand for Locomotive Radiator Fans Market Driven by Expanding Railway Networks and Advanced Cooling Systems driven by a 5.7% CAGR | Future Market Insights, Inc.","The recent trend of adopting rapid cooling systems is expected to fuel the global locomotive radiator fan market's key trends and opportunities. Moreover, the railway sector is continuously shifting towards the deployment of electric and hybrid engines in pre…",GlobeNewswire,https://www.globenewswire.com/news-release/2024/12/04/2991685/0/en/Growing-Demand-for-Locomotive-Radiator-Fans-Market-Driven-by-Expanding-Railway-Networks-and-Advanced-Cooling-Systems-driven-by-a-5-7-CAGR-Future-Market-Insights-Inc.html,2024-12-04T15:30:00Z
Byrna Sets New One-Day Record on Cyber Monday Generating $1.4 Million in Product Sales; Total Revenue of $2.4 Million for Black Friday and Cyber Monday is More Than Double Last Year's Record,Byrna Sets New One-Day Record on Cyber Monday Generating $1.4 Million in Product Sales; Total Revenue of $2.4 Million for Black Friday and Cyber Monday is More Than Double Last Year's Record,Investing.com,https://www.investing.com/news/press-releases/byrna-sets-new-oneday-record-on-cyber-monday-generating-14-million-in-product-sales-total-revenue-of-24-million-for-black-friday-and-cyber-monday-is-more-than-double-last-years-record-93CH-3753956,2024-12-04T13:32:04Z
Byrna Sets New One-Day Record on Cyber Monday Generating $1.4 Million in Product Sales; Total Revenue of $2.4 Million for Black Friday and Cyber Monday is More Than Double Last Year’s Record,Sales on Both Black Friday and Cyber Monday Surpass $1 Million Across Byrna.com and Amazon.com Sales on Both Black Friday and Cyber Monday Surpass $1 Million Across Byrna.com and Amazon.com,GlobeNewswire,https://www.globenewswire.com/news-release/2024/12/04/2991495/0/en/Byrna-Sets-New-One-Day-Record-on-Cyber-Monday-Generating-1-4-Million-in-Product-Sales-Total-Revenue-of-2-4-Million-for-Black-Friday-and-Cyber-Monday-is-More-Than-Double-Last-Year-s.html,2024-12-04T13:30:00Z
UN Tourism: Global tourism set for full recovery by end of the year with spending growing faster than arrivals,"Around 1.1 billion tourists travelled internationally in the first nine months of 2024, as the global tourism sector recovered 98% of pre-pandemic levels. According to the latest World Tourism Barometer by UN Tourism, a full recovery from the biggest crisis i…",Hospitality Net,https://www.hospitalitynet.org/news/4124937.html,2024-12-04T11:12:00Z
It Was One of 2023’s Most Unimaginable Crimes. The Year I Watched Unfold After Was Even Harder to Explain.,"In a Maine town, one store was a lifeline—and right in the middle of the state's deadliest tragedy ever.",Slate Magazine,https://slate.com/business/2024/12/maine-state-mass-shooting-guns-lawsuit.html,2024-12-04T10:40:00Z
Power shortages in Ecuador are melting away the future of a small town’s ice-cream industry,Ice-cream production in this quiet Ecuadorian town began in the mid-20th century in a convent for Franciscan nuns,ABC News,https://abcnews.go.com/International/wireStory/power-shortages-ecuador-melting-future-small-towns-ice-116438718,2024-12-04T06:51:15Z
Power shortages in Ecuador are melting away the future of a small town’s ice-cream industry,Ice-cream production in this quiet Ecuadorian town began in the mid-20th century in a convent for Franciscan nuns,ABC News,https://abcnews.go.com/Business/wireStory/power-shortages-ecuador-melting-future-small-towns-ice-116438719,2024-12-04T05:26:37Z
Power shortages in Ecuador are melting away the future of a small town’s ice-cream industry,"SALCEDO, Ecuador (AP) — Ice-cream production in Salcedo, a quaint town in Ecuador’s central highlands, began in the mid-20th century, born from the ingenuity of Franciscan nuns. Locals say the sisters would drink fruit shakes made with milk from the region’s …",Financial Post,https://financialpost.com/pmn/power-shortages-in-ecuador-are-melting-away-the-future-of-a-small-towns-ice-cream-industry,2024-12-04T05:13:57Z
[Removed],[Removed],[Removed],https://removed.com,2024-12-04T05:08:33Z
Colorado River debate puts thirsty alfalfa in the crosshairs. Could alternatives to the “queen of forage” save water?,Part of the challenge is making sure those alternatives are easy for farmers to grow.,The Denver Post,https://www.denverpost.com/2024/12/03/colorado-river-alfalfa-crop-alternatives-water-usage-feed/,2024-12-03T13:00:03Z
Gazans displaced by war now face a new threat: winter,"Palestinians displaced by the war are living on Gaza's coast, exposing them to harsh winter storms.",BBC News,https://www.bbc.com/news/articles/cpqdr0591qro,2024-12-03T06:01:55Z
[Removed],[Removed],[Removed],https://removed.com,2024-12-03T05:01:31Z
Gold Resource Corporation Liquidity Update,"DENVER — Gold Resource Corporation (NYSE American: GORO) (the “Company”) announces an update to the operational and liquidity matters that were reported at the end of the third quarter. During the month of November, the Company has seen an improvement in prod…",Financial Post,https://financialpost.com/pmn/business-wire-news-releases-pmn/gold-resource-corporation-liquidity-update,2024-12-02T22:58:55Z
"[Latest] Global Running Apparel Market Size/Share Worth USD 25,053.7 Million by 2033 at a 5.1% CAGR: Custom Market Insights (Analysis, Outlook, Leaders, Report, Trends, Forecast, Segmentation, Growth, Growth Rate, Value)","[220+ Pages Latest Report] According to a market research study published by Custom Market Insights, the demand analysis of Global Running Apparel Market size & share revenue was valued at approximately USD 15,235.1 Million in 2023 and is expected to reach US…",GlobeNewswire,https://www.globenewswire.com/news-release/2024/12/02/2989964/0/en/Latest-Global-Running-Apparel-Market-Size-Share-Worth-USD-25-053-7-Million-by-2033-at-a-5-1-CAGR-Custom-Market-Insights-Analysis-Outlook-Leaders-Report-Trends-Forecast-Segmentation.html,2024-12-02T16:30:00Z
Is Europe on the brink of a new gas crisis?,"A cold November, rising gas prices and the likely imminent end to a key pipeline gas contract have prompted concerns that Europe is on the verge of another energy crisis.",DW (English),https://www.dw.com/en/is-europe-on-the-brink-of-a-new-gas-crisis/a-70902875,2024-12-02T13:51:00Z
Is Europe on the brink of a new gas crisis?,"A cold November, rising gas prices and the likely imminent end to a key pipeline gas contract have prompted concerns that Europe is on the verge of another energy crisis. Rising gas prices in recent weeks have brought back some bad memories for European energ…",DW (English),https://www.dw.com/en/is-europe-on-the-brink-of-a-new-gas-crisis/a-70902875,2024-12-02T13:51:00Z
B2Gold Continuing to Operate at Fekola Mine Despite Temporary Labour Action; Implementation of MOU with State of Mali Continues,"VANCOUVER, British Columbia, Dec. 02, 2024 (GLOBE NEWSWIRE) — B2Gold Corp. (TSX: BTO, NYSE AMERICAN: BTG, NSX: B2G) (“B2Gold” or the “Company”) announces that it is closely monitoring a strike that began on November 29, 2024, by certain employees at the Compa…",Financial Post,https://financialpost.com/globe-newswire/b2gold-continuing-to-operate-at-fekola-mine-despite-temporary-labour-action-implementation-of-mou-with-state-of-mali-continues,2024-12-02T11:34:42Z
B2Gold Continuing to Operate at Fekola Mine Despite Temporary Labour Action; Implementation of MOU with State of Mali Continues,"VANCOUVER, British Columbia, Dec. 02, 2024 (GLOBE NEWSWIRE) -- B2Gold Corp. (TSX: BTO, NYSE AMERICAN: BTG, NSX: B2G) (“B2Gold” or the “Company”) announces that it is closely monitoring a strike that began on November 29, 2024, by certain employees at the Comp…",GlobeNewswire,https://www.globenewswire.com/news-release/2024/12/02/2989616/0/en/B2Gold-Continuing-to-Operate-at-Fekola-Mine-Despite-Temporary-Labour-Action-Implementation-of-MOU-with-State-of-Mali-Continues.html,2024-12-02T11:30:00Z
New York isn’t ready to fight more wildfires,"New York could see more frequent and destructive blazes, but the state doesn’t have enough forest rangers and firefighters to respond to the growing threat.",Grist,http://grist.org/wildfires/new-york-isnt-ready-to-fight-more-wildfires/,2024-12-01T14:00:00Z
Eggs are available but pricier as the holiday baking season begins,"U.S. egg prices are rising once more as a lingering outbreak of bird flu coincides with the high demand of the holiday baking season.


But prices are still far from the recent peak they reached almost two years ago. And the American Egg Board, a trade group,…",VOA News,https://www.voanews.com/a/eggs-are-available-but-pricier-as-the-holiday-baking-season-begins/7879804.html,2024-12-01T07:59:30Z
The Klondike Gold Rush,"In August 1896, a party led by Skookum Jim Mason discovered rich gold deposits near the confluence of the Klondike and Yukon rivers in northwest Canada. The news quickly spread to other mining camps in the river valley and reached the US within a year, settin…",Thefreedictionary.com,https://encyclopedia.thefreedictionary.com/Klondike+Gold+Rush,2024-12-01T05:00:00Z
New natural gas terminal plan is getting pushback from locals and environmental groups over noise and pollution concerns,"Geelong residents are worried a proposed gas import terminal will be too close and too noisy, while environmental groups say the project could harm wetlands, pollute water and increase fossil fuel emissions.",ABC News (AU),https://www.abc.net.au/news/2024-12-01/victoria-gas-shortage-supply-viva-energy-geelong/104666022,2024-11-30T20:01:56Z
Sanjauli mosque: Shimla court rejects application of Muslim organisation against order to demolish 3 storeys,"The district court in Shimla dismissed the All Himachal Muslim Organisation's appeal against the Municipal Commissioner's order to demolish three unauthorized floors of the Sanjauli mosque. The court awaits a detailed order, and demolition has already begun d…",The Times of India,https://economictimes.indiatimes.com/news/india/sanjauli-mosque-shimla-court-rejects-application-of-muslim-organisation-against-order-to-demolish-3-storeys/articleshow/115844771.cms,2024-11-30T13:42:58Z
Myanmar's worsening power woes leave factory workers in dangerous heat,"When temperatures soar in Myanmar, industry unions brace for a familiar wave of complaints from workers, many echoing the same problem: harsh conditions in factories because of the heat.",Globalsecurity.org,https://www.globalsecurity.org/wmd/library/news/myanmar/2024/myanmar-241127-rfa03.htm,2024-11-30T12:22:34Z
Answers to media questions,Vladimir Putin answered media questions following his state visit to Kazakhstan and the CSTO summit.,Globalsecurity.org,https://www.globalsecurity.org/wmd/library/news/russia/2024/11/russia-241128-kremlin02.htm,2024-11-30T12:21:58Z
Icelanders Head to Polls in Election Centered on Economy,(Bloomberg) — Icelanders are heading to the voting booths in a snap parliamentary election on Saturday that looks poised to redraw the political landscape due to discontent over high costs of living even amid a cooling economy.,Financial Post,https://financialpost.com/pmn/business-pmn/icelanders-head-to-polls-in-election-centered-on-economy,2024-11-30T06:20:24Z
Christmas Tree Farms Face 'Historic Challenges',"A Weather Channel report this week warned how drought is adversely affecting Christmas tree farms in the Northeast. Turns out that's not the only struggle these farms are facing, with growers ""having to overcome historic challenges,"" per the Wall Street Journ…",Newser,https://www.newser.com/story/360290/its-hard-times-for-this-years-christmas-tree-farms.html,2024-11-29T19:00:00Z
Supple fears have arabica set for largest monthly gain since 2014,"Arabica futures are on track for the biggest monthly jump in more than a decade, with a rally fuelled by global supply concerns. Read more.",Financial Post,https://financialpost.com/commodities/supple-fears-have-arabica-set-for-largest-monthly-gain-since-2014,2024-11-29T15:21:58Z
"Project Mingde uses ""cascading"" roofs on Chinese nursery to recycle rainfall","Non-profit Project Mingde has unveiled Duling Educational Centre, a staggered complex topped with roofs that help recycle rainfall into clean water for schoolchildren in rural southern China. The new nursery and community centre stands next to a primary schoo…",Dezeen,https://www.dezeen.com/2024/11/29/project-mingde-duling-educational-centre-china/,2024-11-29T09:00:43Z
[Removed],[Removed],[Removed],https://removed.com,2024-11-29T08:15:02Z
US agriculture industry tests artificial intelligence: 'A lot of potential',"While fewer than 30% of farmers reportedly use emerging technologies like artificial intelligence, experts believe AI could help producers and farmers make food quicker and more efficiently.",Fox News,https://www.foxnews.com/tech/us-agriculture-industry-tests-artificial-intelligence-potential,2024-11-29T00:25:08Z
"Doctor shortage nearly saw Grey Hospital close doors, health advocate warns","The health of patients could have been compromised, Malcolm Mulholland says: ""Coasters, frankly, have had a gutsful.""",RNZ,https://www.rnz.co.nz/news/national/535146/doctor-shortage-nearly-saw-grey-hospital-close-doors-health-advocate-warns,2024-11-28T21:42:00Z
"Macy’s Thanksgiving Day Parade 2024: Date, time, and how to watch live","The 2024 Macy’s Thanksgiving Day Parade is set for November 28, continuing a beloved tradition that began in 1924. Featuring massive balloons, dazzling floats, Broadway performances, and celebrity appearances, it will march through Manhattan, rain or shine. T…",The Times of India,https://economictimes.indiatimes.com/news/international/global-trends/macys-thanksgiving-day-parade-2024-date-time-and-how-to-watch-live/articleshow/115750333.cms,2024-11-28T01:42:05Z
"As US Celebrates Thanksgiving, Israel-Imposed Starvation and Suffering in Gaza Intensifies","As millions prepared to celebrate Thanksgiving in the United States on Wednesday, human rights advocates provided dispatches from nearly 6,000 miles away in Gaza, where the Biden administration has continued to provide political and military support for Israe…",Common Dreams,https://www.commondreams.org/news/northern-gaza-starvation,2024-11-27T22:03:10Z
Travelers who waited to make Thanksgiving trips are hitting the biggest crowds so far,The last-minute Thanksgiving travelers are packing their cars and carry-on bags to hit the nation's highways and airports,WSB Atlanta,https://www.wsbtv.com/news/travelers-who-waited/5BWOO7366NEHLFNPCDXAE2I6GI/,2024-11-27T21:15:15Z
Thanksgiving travel period off to a record start,Thanksgiving travel period off to a record start,Investing.com,https://www.investing.com/news/stock-market-news/thanksgiving-travel-period-off-to-a-record-start-3745001,2024-11-27T19:11:17Z
The Macy's Thanksgiving Day Parade is turning 100. Photos show how the tradition has evolved since 1924.,The first Macy's Thanksgiving Day Parade took place in November 1924. Take a look at photos showing how it's evolved over the last 100 years.,Business Insider,https://www.businessinsider.com/macys-thanksgiving-day-parade-photos-2017-11,2024-11-27T18:59:05Z
Travelers who waited until now to make Thanksgiving trips are hitting the biggest crowds so far,The last-minute Thanksgiving travelers are packing their cars and carry-on bags to hit the nation's highways and airports.,Boston Herald,https://www.bostonherald.com/2024/11/27/busiest-thanksgiving-ever-tsa-says-its-ready/,2024-11-27T17:30:11Z
Why are eggs getting more expensive again?,"The average price for a dozen eggs in U.S. cities was $3.37 in October, according to the Bureau of Labor Statistics.",PBS,https://www.pbs.org/newshour/economy/why-are-eggs-getting-more-expensive-again,2024-11-27T17:23:01Z
What Are the Hardest Parts of Holiday Travel?,"The holiday travel season is hectic both travelers and those in working in the industry, and here's a look at the some challenging aspects of traveling for Thanksgiving and Christmas. -Rashaad Jorden",Skift,http://skift.com/2024/11/27/what-are-the-hardest-parts-of-holiday-travel/,2024-11-27T15:03:53Z
Yield growth patterns of food commodities: Insights and challenges,"Understanding global food production and productivity patterns is crucial for policy and investment decisions aimed at addressing poverty, food insecurity, and climate change. This paper develops comprehensive calorific-based production and yield indices for …",Plos.org,https://journals.plos.org/plosone/article?id=10.1371/journal.pone.0313088,2024-11-27T14:00:00Z
How AI Can Help Make Public Health More Accessible And Inclusive,"We’ve got incredible breakthroughs in healthcare, like cancer treatments and brain-computer interfaces, yet so many people in the U.S. still struggle to get healthcare.",Forbes,https://www.forbes.com/councils/forbestechcouncil/2024/11/27/how-ai-can-help-make-public-health-more-accessible-and-inclusive/,2024-11-27T14:00:00Z
"Star Group, L.P. to Host Fiscal 2024 Fourth Quarter Webcast and Conference Call December 5, 2024","STAMFORD, Conn., Nov. 27, 2024 (GLOBE NEWSWIRE) -- Star Group, L.P. (the “Company” or “Star”) (NYSE: SGU), a leading home energy distributor and services provider, today announced that it will release its fiscal 2024 fourth quarter results after the close of …",GlobeNewswire,https://www.globenewswire.com/news-release/2024/11/27/2988177/0/en/Star-Group-L-P-to-Host-Fiscal-2024-Fourth-Quarter-Webcast-and-Conference-Call-December-5-2024.html,2024-11-27T13:00:00Z
'It's going to be hard': US firms race to get ahead of Trump tariffs,The US president-elect's import taxes may be just talk until he takes office - but they are having an impact anyway.,BBC News,https://www.bbc.com/news/articles/c3rxe1wv9ero?xtor=AL-72-%5Bpartner%5D-%5Byahoo.north.america%5D-%5Bheadline%5D-%5Bnews%5D-%5Bbizdev%5D-%5Bisapi%5D,2024-11-27T12:23:26Z
Israel and Hezbollah ceasefire and Thanksgiving winter weather: Morning Rundown,A U.S.-brokered ceasefire between Israel and Hezbollah takes effect.,NBC News,https://www.nbcnews.com/news/israel-hezbollah-ceasefire-thanksgiving-winter-weather-morning-rundown-rcna181960,2024-11-27T12:10:45Z
Companies race to get ahead of Trump tariffs,The US president-elect's tariffs may be just talk until he takes office - but they are having an impact anyway.,BBC News,https://www.bbc.com/news/articles/c3rxe1wv9ero,2024-11-27T10:18:20Z
Speech: Tourism Alliance Conference speech,New ambition for 50 million annual visits to UK announced by Tourism Minister,Www.gov.uk,https://www.gov.uk/government/speeches/tourism-alliance-conference-speech,2024-11-27T10:00:34Z
"If Newark Liberty International Airport Is In Your Travel Plans, You Might Want To Rethink That","Newark Liberty International Airport (EWR) is United’s New York City hub as a holdover…
The post If Newark Liberty International Airport Is In Your Travel Plans, You Might Want To Rethink That appeared first on The Bulkhead Seat.",Thebulkheadseat.com,https://thebulkheadseat.com/if-newark-liberty-international-airport-is-in-your-travel-plans-you-might-want-to-rethink-that/,2024-11-26T22:22:56Z
‘Busiest Thanksgiving ever’ for air travel with more than 18M Americans taking to the skies,"This Thanksgiving is expected to be the busiest ever for air travel, with a record-setting 18 million Americans expected to jet off for their holiday celebrations in the coming days.",New York Post,https://nypost.com/2024/11/26/us-news/more-than-18m-americans-to-travel-by-plane-this-thanksgiving/,2024-11-26T21:06:47Z
Interview: Devastating floods in Spain underscores urgency to address climate change -- expert,"BARCELONA, Spain, Nov. 26 (Xinhua) -- The recent devastating flooding in Spain's Valencia region is a stark reminder that the Mediterranean is already grappling with the severe impacts of climate change, Octavi Quintana, director of the Prima research platfor…",The Star Online,https://www.thestar.com.my/news/world/2024/11/27/interview-devastating-floods-in-spain-underscores-urgency-to-address-climate-change----expert,2024-11-26T20:27:00Z
Severe weather threatens Thanksgiving travel for millions as officials warn of delays,"Millions of drivers and air travelers may face severe weather and long lines over the next few days. More than 50,000 flights are expected to take off on Tuesday, one of the busiest travel days.",NPR,https://www.npr.org/2024/11/26/nx-s1-5206394/severe-weather-thanksgiving-travel,2024-11-26T17:37:49Z
Egg prices tick up in US amid efforts to halt spread of bird flu,Price for a dozen eggs has increased by more than 60 percent over the last year as millions of birds killed.,Al Jazeera English,https://www.aljazeera.com/news/2024/11/26/egg-prices-in-us-tick-up-amid-efforts-to-halt-spread-of-bird-flu,2024-11-26T17:25:38Z
The OPEC+ Meeting Is Looming Large Over Oil Markets,Oil markets are fully focused on this Sunday's OPEC+ meeting after top officials from the three biggest producers in the alliance met on Tuesday.- European gas prices have surged almost 45% this year and forecasts for cold weather threaten to add pressures on…,OilPrice.com,https://oilprice.com/Energy/Energy-General/The-OPEC-Meeting-Is-Looming-Large-Over-Oil-Markets.html,2024-11-26T16:00:00Z
Airport strikes to impact Thanksgiving 2024 holiday flights? What flyers need to know,Thanksgiving 2024 holiday flyers must know about reported airport strikes and the impact of the strike.,The Times of India,https://economictimes.indiatimes.com/news/international/us/airport-strikes-to-impact-thanksgiving-2024-holiday-flights-what-flyers-need-to-know/articleshow/115704416.cms,2024-11-26T15:57:03Z
How to watch and stream the Macy's Thanksgiving Day Parade,The holiday season really kicks off when massive balloons start floating through New York. Here's key things to know about the Macy's Thanksgiving Day Parade and how to watch it.,Roanoke Times,https://roanoke.com/life-entertainment/nation-world/movies-tv/2024-macys-thanksgiving-day-parade-nbc-peacock/article_3231cc7d-a883-525f-9a47-84e8e46454a1.html,2024-11-26T15:30:00Z
"Thanksgiving Travel Latest: Airport strike, staff shortages and weather could impact holiday travel","Thanksgiving Travel Latest: Airport strike, staff shortages and weather could impact holiday travel
Airports and highways are expected to be jam-packed during Thanksgiving week, a holiday period likely to end with another record day for air travel in the Unit…",Biztoc.com,https://biztoc.com/x/7421585a32f7e8ca,2024-11-26T14:43:40Z
"Eggs are available, but pricier, as the holiday baking season begins",Egg prices are on the rise again as a lingering outbreak of bird flu coincides with high demand during the holiday baking season.,Roanoke Times,https://roanoke.com/news/nation-world/business/personal-finance/egg-prices-increase-holiday-baking-price-per-dozen/article_ca81075a-20f6-5fb0-8b4c-73bfcb3d2c1a.html,2024-11-26T13:30:00Z
"Eggs are available, but pricier, as the holiday baking season begins",Egg prices are on the rise again as a lingering outbreak of bird flu coincides with high demand during the holiday baking season.,Richmond.com,https://richmond.com/news/nation-world/business/personal-finance/egg-prices-increase-holiday-baking-price-per-dozen/article_ad17a8bf-4f8c-5d76-b975-38c1236c000a.html,2024-11-26T13:30:00Z
[Removed],[Removed],[Removed],https://removed.com,2024-11-26T12:57:46Z
[Removed],[Removed],[Removed],https://removed.com,2024-11-26T09:48:30Z
"NSW Energy Minister Penny Sharpe under fire after suggesting Aussies use less power amid heatwave, blackout woes",The NSW Energy and Environment Minister has faced intense backlash after suggesting Aussies limit their electricity use as blackouts hit the state amid a severe heatwave.,Sky News Australia,https://www.skynews.com.au/business/energy/nsw-energy-minister-penny-sharpe-under-fire-after-suggesting-aussies-use-less-power-amid-heatwave-blackout-woes/news-story/71657b4281ad27342f509b5e9e0a45e1,2024-11-26T09:19:04Z
Extreme weather threatens Canada’s hydropower future,"Hydropower production in Canada is plummeting as extreme weather linked to climate change, particularly sudden swings between drought and flood, hampers output while threatening the structure of dams themselves. A world leader in hydroelectricity, Canada has …",Digital Journal,https://www.digitaljournal.com/world/extreme-weather-threatens-canadas-hydropower-future/article,2024-11-26T01:32:20Z
Extreme Weather Threatens Canada's Hydropower Future,"Hydropower production in Canada is plummeting as extreme weather linked to climate change, particularly sudden swings between drought and flood, hampers output while threatening the structure of dams themselves.",International Business Times,https://www.ibtimes.com/extreme-weather-threatens-canadas-hydropower-future-3752627,2024-11-26T01:30:13Z
[Removed],[Removed],[Removed],https://removed.com,2024-11-25T22:51:33Z
Eggs are available -- but pricier -- as the holiday baking season begins,Egg prices are on the rise again as a lingering outbreak of bird flu coincides with high demand during the holiday baking season.,KSAT San Antonio,https://www.ksat.com/business/2024/11/25/eggs-are-available-but-pricier-as-the-holiday-baking-season-begins/,2024-11-25T22:20:22Z
Eggs are available — but pricier — as the holiday baking season begins,"The average price for a dozen eggs in U.S. cities was $3.37 in October, down slightly from September, and down significantly from January 2023, when the average price soared to $4.82.",Boston Herald,https://www.bostonherald.com/2024/11/25/egg-pricier-holiday-baking-season/,2024-11-25T22:15:35Z
Have you seen the price of eggs?,Egg prices are rising once more as a lingering outbreak of bird flu coincides with the high demand of the holiday baking season.,Boston Herald,https://www.bostonherald.com/2024/11/25/have-you-seen-the-price-of-eggs/,2024-11-25T22:00:02Z
Gangsters block aid distribution in south Gaza,"Aid workers say armed gangs operating within sight of Israeli forces are looting supplies, amid severe shortages.",BBC News,https://www.bbc.com/news/articles/c93qevdpzvqo,2024-11-25T21:45:47Z
Eggs are available -- but pricier -- as the holiday baking season begins,Egg prices are on the rise again as a lingering outbreak of bird flu coincides with high demand during the holiday baking season.,WJXT News4JAX,https://www.news4jax.com/business/2024/11/25/eggs-are-available-but-pricier-as-the-holiday-baking-season-begins/,2024-11-25T21:30:35Z
Eggs are available -- but pricier -- as the holiday baking season begins,Egg prices are on the rise again as a lingering outbreak of bird flu coincides with high demand during the holiday baking season.,WKMG News 6 & ClickOrlando,https://www.clickorlando.com/business/2024/11/25/eggs-are-available-but-pricier-as-the-holiday-baking-season-begins/,2024-11-25T20:43:33Z
[Removed],[Removed],[Removed],https://removed.com,2024-11-25T20:29:35Z
